timestamp,temperature,vibration,power_usage,RUL
20240101000000,77.48357076505616,0.02699677718293001,136.49643450051238,80.9219244212261
20240102000000,74.30867849414408,0.024623168414563846,147.10962658568965,91.39614989220497
20240103000000,78.23844269050346,0.020298151849600873,134.15160158000077,95.86394466578356
20240104000000,82.61514928204012,0.016765316111472132,143.8407694072192,118.8768765734019
20240105000000,73.82923312638331,0.02349111656806795,112.12770666092429,105.56553124533758
20240106000000,73.8293152152541,0.02196742692710875,154.26587414745876,86.6451843090011
20240107000000,82.89606407753696,0.024475966100138663,150.02410950724448,104.86036289417638
20240108000000,78.83717364576454,0.02317585900840985,133.65822737863618,84.52696011061634
20240109000000,72.65262807032524,0.025247763576596676,163.1849133686481,110.82691053887073
20240110000000,77.71280021792982,0.01732382394219716,168.75140275253116,95.28875348182122
20240111000000,72.68291153593769,0.02658697032817163,117.84880271262051,99.06363811260829
20240112000000,72.67135123214871,0.020987998023461997,134.7455044286757,113.25796647542191
20240113000000,76.20981135783018,0.030376304363126327,134.61715300425405,87.1283643141575
20240114000000,65.43359877671101,0.01655406090955216,131.2019379778227,86.02881814887009
20240115000000,66.37541083743484,0.02867981901582625,166.58949683863497,94.16400673653995
20240116000000,72.18856235379513,0.02098955391731324,146.12347722454393,110.38378851019317
20240117000000,69.93584439832789,0.016742909981927758,144.70970317378777,84.80653924523158
20240118000000,76.57123666297637,0.017580570829728394,109.92275271186493,71.6784440188943
20240119000000,70.45987962239394,0.0183982634590284,162.70836060418452,95.48841141591001
20240120000000,67.93848149332354,0.022120829732009583,125.21483210293054,105.51740799910921
20240121000000,82.32824384460777,0.022614177440177498,151.19865260532657,112.00261749738829
20240122000000,73.87111849756732,0.017131499980307104,155.54753875916384,95.36838637914602
20240123000000,75.33764102343962,0.019878227038695087,177.213171916773,95.88573392883997
20240124000000,67.87625906893271,0.030711351793059317,123.82359201761776,111.53900734255747
20240125000000,72.27808637737408,0.028637715850503558,89.60975688358349,81.3025830030458
20240126000000,75.55461294854933,0.02218161834837016,153.67699089507389,96.1147922481699
20240127000000,69.24503211288848,0.020190017390841003,186.01022363021707,101.90423889925057
20240128000000,76.87849009172837,0.020600156633591306,174.77892705878875,104.49218721285034
20240129000000,71.99680655040598,0.023067589863652083,154.19318830549253,94.90193306809117
20240130000000,73.54153125103362,0.014886037174007972,140.16727628735904,100.34441011705842
20240131000000,71.99146693885301,0.018713117312883276,166.1424519327462,75.1167264658701
20240201000000,84.26139092254469,0.011657079630612051,130.52907600591064,93.41751587666151
20240202000000,74.93251387631032,0.021996115613026397,159.5271553871244,104.53508712554468
20240203000000,69.7114453552205,0.023235979698513706,160.10940318333255,90.1770596574532
20240204000000,79.11272456051594,0.01758406768850313,171.2041981499776,100.58984221589597
20240205000000,68.89578175014489,0.027869933816450164,205.19320077822155,104.46872500802698
20240206000000,76.04431797502377,0.013871171684988295,157.84831934357533,96.57450799142235
20240207000000,65.20164938060113,0.012678125598950901,139.82072748585003,101.70463770996571
20240208000000,68.35906975550785,0.02112225909279986,149.4885137561601,90.37267434715388
20240209000000,75.98430617934562,0.025235491513060773,114.61848190221764,97.93388720303953
20240210000000,78.69233289997705,0.028419638457289342,136.10573737821883,106.10216169589222
20240211000000,75.85684140594985,0.0177055786856553,141.81435123773792,101.56972960968434
20240212000000,74.4217585880588,0.025393404167156478,139.51823204130815,94.13468730436064
20240213000000,73.49448152205356,0.019807457652496464,153.04709744067443,102.24216404290793
20240214000000,67.60739004816287,0.019136863500295902,133.551601352356,107.14609790636618
20240215000000,71.40077895802645,0.02441829968743336,172.42061334648943,79.50058721422522
20240216000000,72.69680614520107,0.023261614392067097,150.00414129836395,111.59074064955898
20240217000000,80.28561113109458,0.012118039215078754,149.81399357722748,96.63745261318928
20240218000000,76.71809144784231,0.02738270174862948,143.44210566974164,104.2548993324023
20240219000000,66.18479922318633,0.02690045677073726,153.10381367717957,111.97246923645228
20240220000000,76.62041984697397,0.016872186492452354,166.5019652933527,86.28326302769534
20240221000000,73.07458859791842,0.021979017667187045,132.657395685782,92.90558997572454
20240222000000,71.6153899984702,0.022470150931413694,136.83767021849488,97.11451304124296
20240223000000,78.05838144420434,0.021303368829119537,143.92547942446672,92.16246478875571
20240224000000,80.15499761247976,0.0172484742307729,123.0825815305357,117.34936575836808
20240225000000,79.65640059558099,0.01664188316030974,133.61484280557005,91.43227906173207
20240226000000,70.80391238388681,0.019872229645042774,140.47558252910682,94.44453220513134
20240227000000,73.45393812074393,0.025863645096296822,167.48778361425454,102.04389031602977
20240228000000,76.65631715701782,0.02271800077297216,155.25122658003852,87.97850473923911
20240229000000,79.8777256356118,0.01814692833956947,153.8717982273509,96.04319288243737
20240301000000,72.60412881077355,0.023858493553241725,167.01795924335946,103.17453261250175
20240302000000,74.07170511668092,0.005757286896849623,147.25256423201208,96.67139595617489
20240303000000,69.46832512996986,0.02574382850186052,157.8092969985778,99.06613141100051
20240304000000,69.01896687959665,0.011301431106109502,147.93556494135007,94.70667887551629
20240305000000,79.06262911197099,0.01818779529298434,155.30724698799256,84.85529690819233
20240306000000,81.78120014285412,0.014401650526869281,138.34482684776836,103.21593211339238
20240307000000,74.63994939209833,0.013526592621395472,101.22365683447141,117.54933071647241
20240308000000,80.01766448946012,0.025804133936892598,147.3144167562739,100.18401630783438
20240309000000,76.80818012523817,0.017661493993440542,178.4549627219988,102.25264117247549
20240310000000,71.77440122697438,0.02173251940865358,168.52430804483186,106.9272275511686
20240311000000,76.80697802754207,0.01976539710560408,169.3079496918234,87.306695034533
20240312000000,82.69018283232984,0.022385204136115607,174.72261443612436,117.02514658129606
20240313000000,74.82086980445024,0.020384109455301277,151.77315181922876,102.02328796422802
20240314000000,82.82321827907003,0.013585038879057152,153.94631414811192,116.3185689908911
20240315000000,61.901274479551276,0.0249813340972357,137.646962091313,92.66967004476011
20240316000000,79.10951252187611,0.01753121708419344,143.678542879459,118.18061922557824
20240317000000,75.43523534119086,0.012217090506701245,162.31542299542284,107.75155494034783
20240318000000,73.50496324767066,0.017859424195170438,174.0776887433763,105.53040085852358
20240319000000,75.45880388267751,0.027503798953171555,147.21107448638,102.34024454353148
20240320000000,65.06215542699553,0.024251108710567466,140.99621470297177,97.5147138192555
20240321000000,73.90164056081244,0.018256739327960705,150.01055917713194,112.00531658473872
20240322000000,76.78556285755873,0.018253711478407857,162.0241349785823,101.40359869848047
20240323000000,82.38947022370758,0.01839182474391309,121.12290367732916,80.32930296412847
20240324000000,72.40864890863176,0.030383739917804204,104.07638093725524,88.82813538292997
20240325000000,70.95753198553406,0.021909677261157768,138.98926301016832,98.14154247807252
20240326000000,72.49121478207732,0.02215020823595535,125.58575148171683,103.09998983165555
20240327000000,79.57701058851038,0.02515141727015921,139.8371960470538,99.43411511100105
20240328000000,76.64375554829843,0.02119394579513257,147.04439362365056,112.18970789793663
20240329000000,72.3511989811648,0.018704789270896485,140.93503181953974,80.48898135961375
20240330000000,77.56633716556678,0.019018250754575108,179.0493506894149,101.4358793650516
20240331000000,75.4853877467402,0.01964199370292968,156.5348952920464,81.82020774612845
20240401000000,79.84322495266444,0.019813888817450793,156.00948719221657,107.59712295484168
20240402000000,71.48973453061323,0.0236381477181849,162.44414288086804,99.05541285557997
20240403000000,73.36168926701116,0.020259729429036498,127.22333764438461,104.19609972024118
20240404000000,73.0394592343392,0.023663200386077898,170.78223574840538,91.36117039410234
20240405000000,67.68242525933941,0.01959641709945709,148.4847142692908,112.7946493165775
20240406000000,76.48060138532288,0.020393175951580453,163.40961234482424,110.41724664058852
20240407000000,76.30527636089944,0.010008996577339462,128.5628553391969,105.83544303011888
20240408000000,75.02556728321231,0.024581638373512408,118.92482467967871,98.7048275313656
20240409000000,73.82706433312427,0.021732442379489965,166.35779316050056,105.79857285295132
20240410000000,67.92314628974793,0.024990050549298263,157.52819052195034,92.93107432012651
20240411000000,72.89677338617321,0.0055187231090315534,131.9589689128498,108.55555659020712
20240412000000,73.28642741736616,0.030441873523903637,132.6067383745061,116.4948089432392
20240413000000,70.9886136538919,0.01930205185922413,172.50869568829538,110.70610559979187
20240414000000,74.19357144166996,0.025540914083687583,126.21176214265344,92.70397530192591
20240415000000,77.02025428407269,0.014800470364372346,182.85345906511927,103.61417317273103
20240416000000,84.43092950605265,0.02306386952531285,131.98758530704262,87.06858456241352
20240417000000,75.8728890641592,0.01473292218413172,162.76783851216766,105.72390311175675
20240418000000,76.28775195361382,0.016881155196520975,143.4276304850203,104.50603412862539
20240419000000,74.62777042116916,0.02957015676933393,162.06374862164685,81.30183660467836
20240420000000,65.40614392350479,0.019046587996183268,139.11771995771616,88.38216156087637
20240421000000,74.86743062275391,0.021087164365898615,146.7441418785541,97.16861103256232
20240422000000,75.30115104970513,0.02435033865344377,150.81838350791443,96.99140252859173
20240423000000,87.31621056242643,0.022478409439863022,129.95625088437055,87.90523064581194
20240424000000,74.03819517609439,0.02075209452571788,164.8164869084025,103.88978729352183
20240425000000,76.50773671166806,0.021824805012331125,139.7357286705683,102.51473608940512
20240426000000,74.82644115147379,0.03201707792619138,145.42800169319963,98.0573086802148
20240427000000,69.15660981190234,0.019711906014832074,130.11301250782975,92.44208499841638
20240428000000,80.7141140725751,0.02100549523357484,98.75332682409379,110.48707126416564
20240429000000,78.75966516343387,0.025253271980038062,146.17944474799663,116.55407113088295
20240430000000,78.95515973521523,0.02552762966478992,198.2523084322583,95.16438516153463
20240501000000,70.4530627260263,0.025935151527801903,165.69208575796048,93.8783308284518
20240502000000,82.0139715546805,0.023193651110145923,149.6147924053121,104.91207665411997
20240503000000,67.9907446860386,0.014284975436347583,144.74218341583466,96.41970620253014
20240504000000,77.93428546900135,0.02816715766150548,150.44931785624092,98.60602799336766
20240505000000,85.95227812904989,0.01426827303490656,160.9423823035042,107.39653151724671
20240506000000,70.04731837434656,0.021513177326195166,126.3837436938231,80.90643912492708
20240507000000,72.16851135198614,0.01622862074990321,172.28643389337745,113.1830232485267
20240508000000,75.4982568254382,0.019679308267035036,164.3076263088249,100.72680524329341
20240509000000,72.48262172941901,0.021643812051517403,164.3637145141587,95.8850685543782
20240510000000,67.24668284466934,0.021606786077251364,158.76951477619454,99.1076584577855
20240511000000,75.34281487403014,0.022109603771176423,150.3923331538798,99.62429355020518
20240512000000,69.68848143136948,0.028068556345293236,163.45722471933638,82.68798696555075
20240513000000,77.36796215317591,0.0222676715075699,161.83628267482757,114.94938227453235
20240514000000,70.40287882883098,0.018779216823546756,142.91918578117952,100.41325632270619
20240515000000,82.7496720250877,0.02482043584144179,138.527964542062,104.43002130447375
20240516000000,71.08373353831881,0.025947352444623203,152.03712590523975,109.51549770574043
20240517000000,73.38969241897162,0.013861960924315037,180.98040302990375,89.78837542439699
20240518000000,79.06758608684835,0.02298700034924929,125.21785848692198,104.73471899035229
20240519000000,68.84567841783023,0.02350586371155449,120.6494946849512,97.32358909101207
20240520000000,76.13729967302065,0.01851218248320004,153.29521682473035,108.46770775216494
20240521000000,81.53571377141213,0.0268785340665581,151.01775403712037,78.72772579648505
20240522000000,66.96258382719387,0.019249722064837365,153.46683328740818,99.00905699758731
20240523000000,75.92316929266153,0.020627882267357713,154.87906395817,93.97179344216039
20240524000000,76.29941397124212,0.019134640878580654,145.5359549073039,104.32262950634156
20240525000000,78.90911435888655,0.020077895237907338,179.79726877204163,104.70044187368202
20240526000000,68.81524644560959,0.014518624565523991,117.98192043046969,92.92374105177974
20240527000000,68.39771693457863,0.012799745587028528,133.43005950439508,92.87826135823957
20240528000000,77.60970782808448,0.02797252531612486,147.93490479701904,98.89334631442671
20240529000000,76.48492336616593,0.01576519325840836,117.13622377691667,91.03357772684792
20240530000000,76.25246425172938,0.015043038252718464,146.48291191135857,108.41983695452127
20240531000000,76.73224104748488,0.009233049431981426,183.22940331456036,96.30792799552553
20240601000000,71.59987639210755,0.01680519126155249,150.41772976591923,70.93011780678358
20240602000000,76.16126848580502,0.013384551032962507,154.61401811437366,96.25177943378193
20240603000000,76.46536236649341,0.028210075800681845,124.79670469654839,89.61456179156028
20240604000000,71.42824290986816,0.025049085446713172,137.67277183921044,83.68724184539055
20240605000000,84.32887255572378,0.01655924827411138,142.49607239352127,87.62573361777427
20240606000000,77.36916460455893,0.03126217902672154,143.64569806487532,101.0940847183297
20240607000000,69.04348251398676,0.02490882743495797,175.63287590007536,113.28640828248231
20240608000000,78.28276804316914,0.018375843082456888,161.1538212145025,103.1318447386498
20240609000000,70.1265916488634,0.007502971425632137,127.77084086125936,93.9349661178426
20240610000000,78.93542301871226,0.031454712862953704,154.9300955686401,104.55904195170703
20240611000000,80.79297789503703,0.01305213766618202,159.9644349699357,95.40909689781009
20240612000000,70.89658840824144,0.011773006265215541,172.80298077042534,93.05399630836855
20240613000000,79.8168806462216,0.025112852160048202,181.61081373136747,88.45637331767016
20240614000000,77.06390463468249,0.03219876203169637,129.69811616344262,82.48171193248281
20240615000000,79.11030079997245,0.02692136409255259,133.78284977579324,96.10076293440555
20240616000000,84.48396491326973,0.0228195456002618,124.84844282170768,101.58053489920133
20240617000000,73.77305941998564,0.02297377170832643,145.31960281786039,99.0337632998511
20240618000000,71.23131917821256,0.02426707779390154,159.32716748892668,95.84033072052641
20240619000000,70.55242785187238,0.023794642948933825,169.74669033178205,90.54253939303219
20240620000000,70.92094857517282,0.02140595711984688,148.48097952714954,106.08246191684968
20240621000000,74.61449145292949,0.02052100551975938,143.6030495349031,86.82868080053414
20240622000000,76.70575987408321,0.019687034360502387,153.0351598449748,107.76027913843475
20240623000000,76.38345399665009,0.01623017705566662,133.29714196739954,89.97782981073276
20240624000000,79.13591624518011,0.018596624615666132,191.79077443389548,92.47564762646965
20240625000000,75.06500945938953,0.011535215929023073,117.84677945763883,85.33214809384323
20240626000000,82.26767038578659,0.01950830186602625,153.6948115779145,94.98597853114363
20240627000000,73.67671583381022,0.015057044464245413,190.47212438459277,109.75312458477978
20240628000000,88.6008458329481,0.014482053413921144,150.13599689119997,105.15628088443957
20240629000000,78.12833673882503,0.020899470755767393,146.1992192999701,109.78422112028035
20240630000000,70.71421221791859,0.026960011431722997,142.85109154379145,105.22142545933936
20240701000000,69.64553750969444,0.024591583030011566,146.39216636475183,88.96330171469631
20240702000000,77.41236207621593,0.012147496981884113,177.4569694935306,96.69210775672443
20240703000000,73.88268607337075,0.015051859317148312,105.76276177340986,92.19800870882537
20240704000000,78.57000247046047,0.02470385593994108,180.66867402592652,113.3057490403904
20240705000000,77.36618812286773,0.015087563032308453,121.5208569509971,88.03211353573688
20240706000000,74.63585543671563,0.01887683425001488,144.6669534153117,108.93697689389111
20240707000000,70.76603140965797,0.02275026049512276,141.41511159402677,108.9295387010877
20240708000000,67.42576387657067,0.015158277725681823,161.77106539541438,118.29620201716087
20240709000000,72.76742523966489,0.0205268775307298,118.03751296232505,95.90313407370503
20240710000000,79.28199397161737,0.013329872525408978,159.24345332163887,107.12322159580162
20240711000000,76.07046872065102,0.01699316178024393,190.48619246573705,122.81651836538843
20240712000000,68.77130610644006,0.021598909670712686,122.73651990814379,93.82358323066303
20240713000000,75.86590462925591,0.012035031332341654,153.79412335220792,84.64959752467641
20240714000000,76.92658689864419,0.022202373689801994,136.7603564440678,81.19989966092237
20240715000000,70.58071281899433,0.019901811005366594,158.51774412386072,107.12712028861331
20240716000000,75.76862552972764,0.02276244977208574,150.38295554831504,81.16849791941416
20240717000000,75.29104359223,0.021119570670323308,137.17026181911382,96.27680947062078
20240718000000,69.28514851084688,0.026820702149869223,159.75744569742147,104.37313187038961
20240719000000,76.78893680174141,0.020626122513239538,186.08696219573486,101.85175536829914
20240720000000,77.80392263184117,0.017852972294373735,146.18192416545403,104.25444864184172
20240721000000,80.41525621587638,0.020611487515161418,164.39515884296364,102.22289855800854
20240722000000,80.26901026017451,0.022716490145181942,124.13454084257673,112.78865813313394
20240723000000,68.11165316021454,0.02024430035162852,130.87127246363983,90.47683619261203
20240724000000,70.31087480042439,0.020202958456019413,159.44812555760754,93.23004861541469
20240725000000,77.5751763360433,0.016490041560966222,179.6823205707193,92.27340554729176
20240726000000,77.56892975456104,0.016685495412245257,157.1122669757132,108.3019181186261
20240727000000,77.57523843153024,0.012986973641001532,143.7388393895369,109.00398588395063
20240728000000,94.26365745327361,0.0287478837159347,149.98582810846708,104.51225319318509
20240729000000,77.85445255346583,0.013780683823043574,124.99184532060565,111.83493666889927
20240730000000,80.677828200903,0.016535474011020464,162.09030652710734,88.2195913262362
20240731000000,79.770008817466,0.016407963672154014,167.64666124646817,116.67224111551137
20240801000000,78.256956256529,0.024474621884722207,140.9581933433384,115.23238621712258
20240802000000,73.42365377679828,0.01852525160853986,140.59915704480997,107.35621997245747
20240803000000,78.79484610246634,0.02623871036336867,155.31756459304097,117.8179890877106
20240804000000,71.13587392731215,0.016632546878780657,141.2656052791881,83.43376792322226
20240805000000,73.81590696629996,0.02139497081111901,148.67734770748356,94.75551863737348
20240806000000,72.57318226085448,0.015823264733701214,191.99443578333032,92.64696539318048
20240807000000,75.40937069693162,0.03072574563886694,145.05948598508007,107.21479323757343
20240808000000,86.57329283336755,0.014062007904852436,142.83319695957556,89.49859260397855
20240809000000,65.66367403704126,0.021549103551135138,137.0491638872968,107.57495149337485
20240810000000,78.43130095187257,0.023168884404660493,164.88383942999874,113.70536143996713
20240811000000,66.93642064405174,0.022068995487257492,146.37551653563793,106.95202900084
20240812000000,72.64034067105283,0.019073561705611457,137.0125392335715,102.83751023661502
20240813000000,80.44475298483682,0.01935089650133287,176.42608064546025,90.1212665909925
20240814000000,75.32140009547732,0.02021905735989555,178.39206009027274,91.53149033874635
20240815000000,69.61127611035347,0.019264989991857558,137.9915286852259,112.49618905296667
20240816000000,71.42348145370016,0.02481939558397455,112.66920097278768,107.79349003905332
20240817000000,78.39798874467338,0.031052615007956755,170.15027379673845,99.60980480622456
20240818000000,71.34816684141431,0.01721254107496083,136.30740348479992,95.8209045423411
20240819000000,76.08229294790988,0.01315098510210461,165.81251198325538,79.74192126888623
20240820000000,75.22785919951907,0.019558589758243726,110.59792364576329,89.29147581315561
20240821000000,71.74199826197092,0.03289854668827159,167.85194676598618,119.11419087139723
20240822000000,85.71972044662662,0.015981627160151345,125.77656141438437,87.19544428997533
20240823000000,78.16959511159006,0.028195584027220336,164.6152823813305,101.8947982122108
20240824000000,64.87428706671196,0.028388504070382205,150.2854613567287,110.07443973195198
20240825000000,75.93227157384713,0.017232058791460027,130.9212116120671,87.45077331997707
20240826000000,71.69106767615806,0.02284491539592638,141.8592737414644,101.84710474781083
20240827000000,79.26216667398111,0.028141983115642692,163.72636913913402,109.37915537510655
20240828000000,71.0373963078365,0.018104361295062564,152.1178890623047,100.12499321907251
20240829000000,74.4263177926655,0.018982098199488193,161.6882596094497,128.6840305566677
20240830000000,77.52493639490228,0.017091595430256783,189.5288116903097,83.31400741121804
20240831000000,79.32877597085061,0.014926216346535666,118.71516776577897,110.5872852988388
20240901000000,68.99851796472112,0.016753612274669965,182.3442514993725,98.27198262603535
20240902000000,73.32749382079525,0.013880298666188718,152.08711875046427,107.71920154836675
20240903000000,72.62527344419522,0.02017041734129613,132.02431903353744,104.41307151699246
20240904000000,71.73335383713145,0.016150133844706795,123.39372748522021,92.66843802890003
20240905000000,83.82727120140548,0.02116892955895374,146.21759218445933,102.28996392459341
20240906000000,77.02490855480478,0.012220521768981864,168.4330022384892,81.42098548601713
20240907000000,68.69558022832477,0.021654401161072284,147.4490175924493,106.03247500571393
20240908000000,79.58930973527389,0.024167644808044623,180.22309860494695,102.98158465990525
20240909000000,85.61078098506317,0.010031321787142724,120.97648619896883,106.38660168643102
20240910000000,80.16232630275573,0.021870282849237862,149.75822104307892,110.5811832508715
20240911000000,67.40315017022994,0.02613834496236646,124.95213111173761,103.67619840209711
20240912000000,72.57882963566874,0.013951794906543974,157.27263765249936,101.48089419798276
20240913000000,81.33455574593312,0.028362861934188518,167.737747801946,91.18931663338708
20240914000000,71.4616526719061,0.022095095046830226,141.58476412637893,92.87779236350949
20240915000000,77.21909714073114,0.016474940721207955,97.91572286745732,111.86734620177332
20240916000000,78.87317026714669,0.01972115461171147,153.9789629359299,114.36335405705978
20240917000000,70.36534764210958,0.022791634562608614,158.7347710346702,97.61889563687946
20240918000000,74.702373219691,0.020380026957062057,158.08589509923394,100.46002747253274
20240919000000,58.79366329965464,0.022693779962231847,174.7156438364431,90.95385625006234
20240920000000,69.87806179332856,0.01539663203460317,128.57892640701903,111.72756845267445
20240921000000,73.7371592430342,0.02084680412018039,163.604322109009,106.65416823691778
20240922000000,68.76108409017576,0.012931427515475099,173.8501502495595,119.4121743646375
20240923000000,83.16205651965818,0.0194438696932565,114.42824831986967,91.21676922820261
20240924000000,67.84929311019684,0.015480461792676052,156.39303651837955,96.21992100981782
20240925000000,72.79977756651508,0.016322350287051167,139.91640337984657,102.31445922525572
20240926000000,75.65370288643045,0.02618046587605219,148.3695465379671,106.4648953772577
20240927000000,82.20636644533057,0.025456550602971344,156.95352967076673,97.84332362452368
20240928000000,67.82068924410281,0.023045690604535884,140.25542871772896,91.270389095463
20240929000000,80.8158187607748,0.014538436176637106,136.48583841676776,108.81407528923572
20240930000000,75.05116530509794,0.01841795775152599,150.6830483497605,107.21135362545581
20241001000000,70.09245674476024,0.026065488499895918,128.25508122274394,90.83725899436276
20241002000000,77.31051737131635,0.020708584568199524,128.28349742229628,113.55442801105495
20241003000000,75.99529847786735,0.03159664769990847,163.58746565913006,111.70198709196603
20241004000000,71.99891561420603,0.02196658919697186,127.02411929682688,101.34296497247793
20241005000000,75.3490104249501,0.02096024558245016,163.32625001818423,100.79597862376036
20241006000000,73.0734320156912,0.018454417678987492,159.251825857079,105.54057771115907
20241007000000,75.56758672625624,0.02066770452391141,115.48386542418807,91.38296929743741
20241008000000,78.31065337260523,0.019237650818097283,136.4487069532869,100.30031479164082
20241009000000,82.93008408072676,0.02354054338344295,173.88218806094744,78.47616455390819
20241010000000,68.81092250586576,0.02478351158397292,130.37668937720636,108.76455645502935
20241011000000,85.66516687328134,0.016070052697460254,140.71191475381224,84.3850677755814
20241012000000,65.23956100238749,0.01334383523221111,159.24121786503792,115.03419828428999
20241013000000,74.24107452482208,0.010818973134483517,165.66781018565192,96.6987990603355
20241014000000,77.94158603242288,0.022539956634562718,144.96922227911008,97.88333018068823
20241015000000,76.40495933867517,0.014483166969130632,138.04979610616718,93.72266093915495
20241016000000,71.88650240089703,0.009235547035237586,178.44739723397015,97.11961126077924
20241017000000,73.95938874821363,0.02194289302265482,184.7779932759516,114.18531345148037
20241018000000,72.53499532670584,0.03246499758716395,169.5771610156359,75.1219134346492
20241019000000,72.05317621527894,0.019969645442300534,151.70636285130047,112.76965386088187
20241020000000,79.24801048510513,0.02419245387225821,133.83468556718148,103.38023481101708
20241021000000,76.78507742982524,0.020409146792737826,133.3911118688687,87.92978352142785
20241022000000,71.53545202369673,0.019505551734044287,160.45028210531515,89.24687606950762
20241023000000,79.49799937716625,0.024595382414938843,158.36796441777366,116.76393027208204
20241024000000,76.53649760438304,0.018548627279056745,178.03197185892859,90.54493120057269
20241025000000,79.0643105941948,0.021336961570359515,163.0090018507228,88.46649489404041
20241026000000,78.14814420961807,0.021608489030980067,119.93839396480364,111.3731454236473
20241027000000,70.85502494538964,0.016659547731784758,171.03895235445836,103.38552876285914
20241028000000,72.19909479901516,0.024960211747682613,130.03878745371173,90.620744234636
20241029000000,78.7364680256163,0.019125201216522957,142.32057456095296,102.16624975404619
20241030000000,78.05185132716733,0.016221274202535777,155.0040041250339,89.74247316359723
20241031000000,74.89549203017926,0.022682549217852017,189.9133497956793,111.00821398422605
20241101000000,75.58663691654391,0.015507660091044814,212.19837112010723,110.61370964873133
20241102000000,81.38832447894212,0.02014090578684564,162.13446118272367,105.32006198821944
20241103000000,72.04214305582084,0.019954405016778982,146.33606762559225,103.61661061247017
20241104000000,77.7354869058502,0.02542947782915789,160.690112969611,117.61188124867374
20241105000000,73.98903673783053,0.022373491164399763,167.75310851747673,99.99686327388225
20241106000000,73.9115939838639,0.01987486520627428,143.58664748885616,88.181258745792
20241107000000,80.49388425993595,0.024088831496001436,185.90422711824644,104.49473912832306
20241108000000,79.12708174494016,0.026951037745086566,154.60141518382804,120.86047049537113
20241109000000,79.06754818000319,0.02278905153175931,159.95486178182787,89.85240506814148
20241110000000,81.52739403577165,0.020051763099216902,163.31848504108922,96.38537233306015
20241111000000,75.1050192081638,0.013440818838249203,158.43173221228912,104.16446038101452
20241112000000,78.40976485647482,0.014674431684623138,166.77881000939226,99.4609515099426
20241113000000,73.44866621703272,0.018473876478226663,137.65493626906152,90.17696419622685
20241114000000,76.62083176244221,0.016952438989203584,138.8339649210794,111.21857856230471
20241115000000,74.34928472816158,0.01906514348507277,127.9969153405661,123.2004072201726
20241116000000,75.48497982496359,0.020283249624485536,158.79002461240452,101.96131459023907
20241117000000,77.97578512718457,0.022648463771783655,165.57873007024227,90.95931710264
20241118000000,70.90889658383264,0.019647506109704543,159.15545732303772,84.51039474946525
20241119000000,85.4619363784273,0.02243250821913101,183.48984866695073,102.5797598122118
20241120000000,69.96991309250149,0.0203223720740506,149.88807962341906,111.03877343316258
20241121000000,68.92905693606134,0.010122667168230643,163.37483311185025,104.75167746495381
20241122000000,80.79055436750033,0.01530332303090623,128.1659824772137,99.97596159081147
20241123000000,78.95831346981468,0.019279562221391922,142.25800595051197,94.10728348210694
20241124000000,78.12059908526078,0.013951526285794463,163.91075515131556,89.07836367281911
20241125000000,78.1417275463214,0.022999643649981024,166.98204221486287,108.34751326324883
20241126000000,74.93876613576543,0.02765375416171849,144.12066104671635,109.13771621385585
20241127000000,70.51372814257084,0.026093809258486585,148.56801496283867,84.54270213309267
20241128000000,75.37902279096863,0.01893278564534896,119.64252506638381,115.89838978180684
20241129000000,71.61419144243945,0.02745363068424976,142.85941598386782,105.74071220894001
20241130000000,79.87559866708875,0.02074333728601056,167.80766327039572,113.99594645145794
20241201000000,74.2647130924893,0.018314570144409802,161.50410032213134,86.57872251514885
20241202000000,70.87251401603744,0.0169329866822953,160.01331442762418,86.34175844584561
20241203000000,73.39307079173503,0.018487651567559358,150.99547374361921,98.51030690232703
20241204000000,77.06465727137812,0.018059115907293855,150.14126317256353,105.02784426895194
20241205000000,72.18137723598012,0.02085208111187744,136.79357721053105,117.96360822926964
20241206000000,70.88889802216784,0.020802869905249325,163.97656840405068,107.06078913815132
20241207000000,76.21843605745956,0.020015230100767074,158.41945888778778,97.57318723187967
20241208000000,76.22483285554361,0.022184690848731748,159.84037695985597,89.73630792334107
20241209000000,72.46528412314436,0.02595323137393171,139.4793031466484,112.3000057271915
20241210000000,72.64480847190839,0.02474777067720662,106.93314160257512,90.35294574249285
20241211000000,76.16024968678818,0.012575510157750483,171.9430542350739,116.28468554772323
20241212000000,67.75957829251338,0.007230394325490226,140.42325087983193,97.1561535039349
20241213000000,67.96268112811723,0.02467159955619637,132.74448471913757,115.9058207261785
20241214000000,71.40777889373781,0.013165606507922895,163.86957823827987,106.78931290059279
20241215000000,73.93276424144076,0.018876172990536583,142.15974720161742,98.63004510557542
20241216000000,76.55453782799002,0.014149434869703202,171.19872768093245,94.80603628173873
20241217000000,82.37678108474776,0.010990097812099902,162.34011899153396,96.59092122653921
20241218000000,79.2882981160101,0.022707313641023942,163.67138646400954,104.28316692375238
20241219000000,74.20030735018287,0.023795775801513236,122.68088577598931,100.77156496217717
20241220000000,74.90491896048655,0.017117447996366403,174.23887970772802,94.06188591931294
20241221000000,69.98735317681096,0.00704478853927545,155.2250106246771,98.34368589682367
20241222000000,74.90743432003805,0.017268777758737586,142.61445721507593,100.7857702971915
20241223000000,73.55670680539932,0.02195902002701273,152.86776934684502,78.71265905585187
20241224000000,76.61359280169044,0.012605442156129357,114.4752953420336,104.58168114788698
20241225000000,70.86384528223839,0.02091679959889578,158.17305622961342,90.20278775283194
20241226000000,77.59673257120586,0.019923450754135024,129.41256983635856,88.46667596794255
20241227000000,82.66369456501289,0.02289645749800544,122.94659428312931,83.12655652889289
20241228000000,74.45619925771571,0.020597901842070766,119.55281627564217,82.0610750213211
20241229000000,77.0085586104947,0.015134655295592223,172.2537674997985,86.44552496887711
20241230000000,78.45071995855557,0.02598285750832246,137.41473212614423,92.9097904236951
20241231000000,72.99389764057082,0.01920735213486515,180.67455419833,119.53259137526568
20250101000000,76.12046240905208,0.01986347730245034,139.28397073895405,94.74120324104796
20250102000000,75.06296200390898,0.01533366020463402,115.85284084814107,101.77750106268032
20250103000000,75.48838049274416,0.01778358874404245,127.66951120102682,104.00481386506328
20250104000000,71.13495108072267,0.015575986429865496,174.71623240013878,101.3106518621585
20250105000000,75.12255087129472,0.019135269700382887,146.88203644126665,99.22556539274007
20250106000000,77.48999145622724,0.02855854240071172,139.03425407018798,88.04706236400756
20250107000000,82.2557180389752,0.013140494285343219,153.20036451705576,114.50927548279212
20250108000000,79.79635413042604,0.011932193010616295,160.0356547233509,118.07196643637886
20250109000000,85.76591228755778,0.027355851637468044,172.3479763180492,83.17341305877314
20250110000000,71.16326218555976,0.01895338161424067,178.9699845978585,89.7597140911362
20250111000000,79.36160318360339,0.01665463630670042,142.80462708421828,97.20189657622994
20250112000000,75.91671002869175,0.025199523436980384,123.47904627835923,90.35462205089809
20250113000000,85.94901466608836,0.01697192230131568,141.7306967775345,105.05965553455866
20250114000000,70.95850857322424,0.02913004856773468,155.20561013165772,92.71727797593387
20250115000000,70.80139078909612,0.023389629356696345,130.7248214757878,121.65056067806603
20250116000000,72.0030367727799,0.017560442959271488,130.85698170209915,111.90548594343596
20250117000000,64.38052137845096,0.030786541066327517,156.8757576309977,102.12574030632214
20250118000000,72.3712248915962,0.016971425384983307,149.026952968591,110.26986263319732
20250119000000,71.20433669223151,0.023710476860046535,150.65593990823174,111.05900424357309
20250120000000,75.75196893238103,0.02149646290203246,134.83009330599862,94.36052511941757
20250121000000,76.70877987888579,0.02650870644699399,145.39198571588466,91.83782755458036
20250122000000,84.38085419607943,0.027807555983634265,131.51533711463392,100.78143062969647
20250123000000,79.75211919093024,0.020160020745328834,167.80396822249574,108.61636124497944
20250124000000,72.11548172168798,0.016232910648269084,170.70498669447505,101.39060398653417
20250125000000,70.50792664325822,0.02229986071469558,113.07624275523813,84.23003517809003
20250126000000,77.45959585753253,0.01661142315123947,131.4097827961518,91.97175556049157
20250127000000,68.3988339648968,0.030066936237633117,120.06941489819842,99.26027136405622
20250128000000,84.15729382927177,0.02068267665541369,136.99952131186203,99.2433439567417
20250129000000,80.89720060360644,0.018173392243439456,148.33124060419277,119.72542176789808
20250130000000,72.65412173947648,0.020923401529324544,121.0070956060294,86.14012057601002
20250131000000,66.43432735454562,0.013264368552351517,131.56280373749374,105.05589241835875
20250201000000,81.76936187082707,0.015141929807446743,129.92085255837003,114.8911310832829
20250202000000,74.42730077373692,0.026002069539722127,154.14534658797888,122.71449745422797
20250203000000,81.1890815598673,0.016715528605143023,151.386886740725,95.95602576816039
20250204000000,67.02786170602816,0.014765445086590303,135.56524893325494,104.914294527202
20250205000000,72.00312488523113,0.022683263762636432,153.53641744278795,105.69760357198646
20250206000000,75.02621849859092,0.025928520773314985,139.0663983082547,101.9548173155329
20250207000000,75.2349029688237,0.023594766553325333,144.56689779347894,99.01154798760695
20250208000000,72.74967264260378,0.02498023842902908,183.46904180597073,104.35975389500045
20250209000000,78.11424966173749,0.016216024557152698,176.80922103580696,74.67753914780315
20250210000000,69.66189785308703,0.012890946666290782,124.00837526144805,106.82069490062631
20250211000000,74.28810257489353,0.027506668259777434,166.59464835758348,101.26177903661967
20250212000000,75.60147815855949,0.01838660080578932,166.22793108983186,97.77525103221734
20250213000000,77.57219417029374,0.018745834917724764,127.03473422494764,120.46862195719558
20250214000000,78.55807439044445,0.02664097070924529,166.3755528750972,93.25065981209448
20250215000000,69.37678954081065,0.0227811500470033,180.75863836825107,95.9692401093497
20250216000000,67.32942914632189,0.02227943886040804,127.54910387511173,119.91553302204734
20250217000000,81.38838410949255,0.03082501172450542,131.64994357971472,91.67938695150143
20250218000000,76.66157005989795,0.016782408848099284,170.35322933687004,94.4988471706346
20250219000000,71.25756731721724,0.024639200640406186,155.42990621651296,98.5297457656915
20250220000000,82.75575987761262,0.020285065624485423,161.02952550479046,108.4073448212955
20250221000000,75.57837317146429,0.02134296139431629,156.81178432800994,102.07802507353314
20250222000000,80.89648592031914,0.02764234213206266,157.81391841856288,87.07374652847737
20250223000000,75.33759240705055,0.022539178781448118,123.47055743377834,94.67831436872811
20250224000000,85.30373962440993,0.022691480395248164,170.94635413242898,93.92645566787789
20250225000000,83.77670421221602,0.02536253668654901,173.39179984855548,99.22778954776955
20250226000000,73.75517925760464,0.018175236352285573,145.41218511863946,104.25843658629829
20250227000000,79.85785475477178,0.01580395166330497,149.13046100372276,104.18205755887972
20250228000000,78.22687974792574,0.014775954029894832,119.37784994888555,82.23988245951598
20250301000000,81.84315778766174,0.010168217053119991,160.2850951203567,110.63940987560856
20250302000000,70.17538269709948,0.030281035649701613,161.44114883428287,102.52568845996623
20250303000000,78.43025729999219,0.014483958171391585,148.75617966001377,113.84532047593906
20250304000000,80.29212243424794,0.01889373188207114,172.48706719741006,104.44198327290673
20250305000000,66.20630256788444,0.018615933500555397,143.3184553804012,111.01322957735762
20250306000000,69.08370743667112,0.021537033489045503,161.292118517872,104.66545311450128
20250307000000,64.8038391111995,0.024078686062696482,129.6067132261577,113.46225756202749
20250308000000,73.65296582777721,0.024302367441798728,149.52895698251524,105.22250636017779
20250309000000,78.58771127897981,0.017084612807155307,146.51291484194329,99.02084753557097
20250310000000,82.51178526048014,0.019164391431067945,154.50615844081884,122.72434720446881
20250311000000,75.37047390209888,0.021412899752441497,142.60946142333285,108.89037122279892
20250312000000,83.14307772785646,0.018756544369082265,147.37054808656666,105.73744421004413
20250313000000,68.09949270892554,0.028036727880099963,166.52094342883012,87.23695583461664
20250314000000,66.48308780322422,0.022454874758191256,141.26471525523564,87.11692382536462
20250315000000,74.72226150551691,0.023674388930249087,117.86845798522641,102.92715482141854
20250316000000,76.92032724469654,0.023314406343337063,184.9916780841084,101.45521197768241
20250317000000,74.83652625952953,0.025867369287426625,177.62908157380974,93.85877434991684
20250318000000,64.66278949980062,0.020905107793518535,124.15474609788762,101.4098269961206
20250319000000,74.55439980243605,0.013515840260220768,163.7941561049039,115.88626928043595
20250320000000,68.47765249747573,0.02199843975876321,139.94050458897314,106.95402474550299
20250321000000,78.3483627441502,0.016743215531040856,155.2697443066212,88.58991490247261
20250322000000,76.83299123048424,0.017356916591251215,155.88448258026986,98.88491172857056
20250323000000,70.30060106836322,0.022931820093775465,145.31184399367356,91.9503351914744
20250324000000,72.43066541331653,0.02619141535716818,134.32468668827207,96.12300083591438
20250325000000,69.70393239055524,0.020106357883680308,136.1891789536748,95.86384334370358
20250326000000,74.68660451363414,0.021544165062994818,131.67616169037515,95.22354417395995
20250327000000,79.77571160250619,0.02851107472317619,133.3635558353911,87.44864628026605
20250328000000,70.07136976832228,0.02120376589744284,148.6564341990129,98.7234531848181
20250329000000,77.52023257758923,0.03300841557090198,135.68480021778495,94.3939236315269
20250330000000,72.3487119081378,0.02282754822815772,163.6410413142524,70.70551309997732
20250331000000,71.03563583868828,0.011196186204220911,179.74492310671855,120.52972024501663
20250401000000,74.46484820022721,0.023766708105522664,138.39893517259915,110.88769654216672
20250402000000,69.82378838790314,0.02190579192441389,154.78809001070755,96.23699275075003
20250403000000,72.23175347326409,0.02644876377041373,159.99370220605869,100.18819049740598
20250404000000,69.01061053705575,0.023365906756349794,159.4400454183855,88.28345652682438
20250405000000,84.82362566458194,0.01930772008008113,151.51910535832175,116.95722877810866
20250406000000,75.17631775985865,0.013878508818553171,164.85364836719444,118.97288694773111
20250407000000,71.50137246003708,0.018954883713569876,159.64497905361316,101.56693728246525
20250408000000,76.0698995536711,0.0157473977289535,125.24675155345405,110.23530644185345
20250409000000,74.43835975154585,0.017097382750976386,167.38312128778546,101.75286778933923
20250410000000,73.89515200233389,0.022942892022103048,167.74581674533485,86.6327456112407
20250411000000,78.07083350021712,0.028349522521757032,134.73427791642837,95.88176631036343
20250412000000,78.78753855023652,0.021973357649114907,150.75875670895203,101.31927966771957
20250413000000,72.34749426194736,0.014020584689824079,163.66657985622138,95.45452281256556
20250414000000,72.1209087967766,0.022223013341100703,145.81372360841277,97.81346722564965
20250415000000,73.62474151424178,0.025983157433228255,171.45956095532023,99.08600442490885
20250416000000,63.49039417632208,0.01695108547840309,197.2774498923872,99.19121502134539
20250417000000,67.42404468900725,0.01932991416663541,134.28027934730036,100.52258490497483
20250418000000,81.83437133722262,0.020073440973645985,122.3791079369245,89.39394933603398
20250419000000,83.22483856750642,0.0160755084345888,156.07637191209753,92.82983850872064
20250420000000,73.75481980221811,0.023241402169219296,164.43125010252288,87.1541573430003
20250421000000,77.88278481527884,0.019395259256961093,145.38267252310462,109.778155496862
20250422000000,76.55625077271768,0.02209766221953514,179.0652132664207,78.94353058159676
20250423000000,90.3944040422762,0.015562539110989499,123.22788400553503,111.53590343316925
20250424000000,80.59787455717289,0.01781270849838295,163.8583724606322,113.86349397262843
20250425000000,74.36041204259617,0.023611906789138857,137.88278358482214,96.97819413017379
20250426000000,70.22229779699786,0.018135834239541165,184.38755812414593,73.96862912172702
20250427000000,66.96776839871214,0.028634819256167027,189.85030706336238,96.38689438032709
20250428000000,76.01731817933612,0.018001819071926987,134.66686824433305,99.35815838711181
20250429000000,71.21824627357849,0.02112342362875943,139.0088572818284,89.89401780071087
20250430000000,67.88873145201163,0.02466295415936545,167.19175773959603,94.84781606191757
20250501000000,71.76713557878736,0.012908171335334841,142.2573870042097,115.30195198863352
20250502000000,69.59225998192802,0.011195955940096121,149.09177564135524,106.64927162301741
20250503000000,83.43570817536282,0.012371718427149526,150.5077684108482,90.754358856219
20250504000000,79.40819878474726,0.02631292051713591,111.60653687604687,84.02400830404568
20250505000000,74.96013679341691,0.017240709270537766,149.72324507811524,96.72982682390229
20250506000000,82.39972069445014,0.03279099642834126,136.20544451871652,97.86543220649563
20250507000000,75.38684153823809,0.017178762006713057,140.13754355200456,104.96199187363317
20250508000000,70.69357899335868,0.020922756515985186,178.87264006937627,94.64683287432341
20250509000000,82.61562038634828,0.02771054976283938,124.86986211441487,105.11499575361862
20250510000000,77.69455021842329,0.030030464440795615,166.26410373495955,119.35154040060229
20250511000000,69.81376922836772,0.03030751788318199,144.42074139336384,108.15501022444262
20250512000000,74.04830660958196,0.02604183115296571,144.40479663008333,99.51911492669227
20250513000000,70.62190873307621,0.025120312629057312,165.80743792103422,98.16849528946706
20250514000000,68.08600134517832,0.022962634746005916,156.8010258913778,96.43326865820129
20250515000000,79.63088773765821,0.02389180538083319,161.41225994439063,111.80640912452145
20250516000000,84.54708320235065,0.017244071418357335,169.36369321065723,93.72686554048697
20250517000000,68.00716213090429,0.015909005582888464,143.37383233633355,100.45222708999982
20250518000000,77.81484618345286,0.01998312771294524,137.755265309845,100.51197901881085
20250519000000,71.74678715439086,0.019149076887375358,128.29698946884403,94.98215807188468
20250520000000,72.56437308117651,0.017733859753363626,133.49178940042088,86.27534452115898
20250521000000,72.03803037880566,0.023481937237283576,208.9818885061745,103.22974503617668
20250522000000,70.68004615160092,0.024776526042852555,174.89359161473573,99.38996028144616
20250523000000,75.24260813972414,0.020442034431459238,122.97851267583957,105.0024046943657
20250524000000,70.84524941794481,0.02738765040527631,123.55084086512859,94.66399693560832
20250525000000,76.3522841288992,0.014291554429332476,159.63732123436984,112.20821298813048
20250526000000,74.74880945275432,0.01903170270360141,160.94529594755934,91.23226218788155
20250527000000,73.80525976566796,0.016415888396985975,160.9776767063473,117.12040284017893
20250528000000,70.462181689792,0.010667316914634701,144.90088412892604,82.52363490171739
20250529000000,72.11614334715834,0.019586596570786503,147.490914799942,104.3477006455689
20250530000000,78.77695612912878,0.019391262458083584,156.55759048318714,104.75430682526624
20250531000000,77.5045859381219,0.027567248716210656,151.71786012586662,92.04442932059118
20250601000000,70.11222377600724,0.023154058422773887,105.6139925450493,104.24393937861012
20250602000000,75.49666152714613,0.014879065878353975,145.40400738849613,112.7951866976016
20250603000000,78.75693561685894,0.02927046283167094,132.97187131479373,77.83181160645935
20250604000000,66.65297359439315,0.026105168477626766,153.50422837817024,105.02744807490815
20250605000000,77.71680096189968,0.022910488517343078,209.70518005206821,75.06729179669922
20250606000000,71.68688120527077,0.01886757950575084,157.34963330948608,90.34335196476792
20250607000000,77.8529933429658,0.015202803816382603,143.72940627655206,116.29166364900945
20250608000000,71.18370421728741,0.018138966119644735,168.43603003954505,94.18217966607946
20250609000000,65.9755894966774,0.02544374309852093,159.65375774418425,88.26120035591028
20250610000000,66.86228781058419,0.029422931529673044,158.40188980903682,98.02062271015318
20250611000000,75.24042473330691,0.027716217641360945,162.13701186431342,120.67906338163552
20250612000000,76.2986125086074,0.01755575289106863,191.13087129659084,81.68317752793973
20250613000000,70.47841687447796,0.014401912833554945,127.38223129348168,89.48690088360655
20250614000000,78.19296229388686,0.02070443123455602,159.47264153622908,114.97431683179626
20250615000000,66.6923996886552,0.011157803172185742,131.47237740036923,118.57702343537733
20250616000000,74.66960100676341,0.021615838570923907,161.11025292684496,98.96568775709716
20250617000000,68.94491900118771,0.019261987068506656,131.6262697702781,87.60947297473358
20250618000000,71.7408194609892,0.01766981749065879,141.6526637278983,120.95843501809159
20250619000000,75.23699335658208,0.012026484663666024,144.09820171524188,115.94442391749197
20250620000000,70.69793317358024,0.022568000532848582,169.5163343868942,106.78946987762232
20250621000000,73.07722227885087,0.017336495801690444,168.3690888788483,91.8759765106258
20250622000000,80.0314640460722,0.01415041582144856,125.08565247107231,99.50970659161963
20250623000000,72.11554065238425,0.005638688933591754,151.098682219997,98.3963991895517
20250624000000,79.1784605603257,0.019862425474746818,135.80840290501655,103.30851304615578
20250625000000,69.35146572671191,0.02886125798334872,124.82990178649331,114.51001438131335
20250626000000,77.64902088957642,0.02830629607273935,145.6596589915126,108.79417041137403
20250627000000,82.2078431032895,0.017714518717068643,143.8303442308836,89.22623923015242
20250628000000,62.641777499363556,0.016988939698191097,198.53432972691044,113.76496450019538
20250629000000,71.01552372264761,0.02234387128037512,158.65919650721392,103.13132140013155
20250630000000,77.8853606359027,0.015008072804058543,122.44764998491526,106.87065795858916
20250701000000,73.98477306978504,0.02150895949909733,138.70451991658115,114.66540859278602
20250702000000,76.85572936685655,0.023830401391923453,170.42766590858798,88.88419750486449
20250703000000,71.9800740664209,0.02613466611942154,191.7688554573985,99.64174421293536
20250704000000,75.4329489373645,0.019499229617600238,118.28033375524083,94.68545448640785
20250705000000,74.2216138230396,0.018981631249115172,112.4015122972191,84.32140574634545
20250706000000,80.83891030829903,0.015610087066217195,187.41930350743564,103.4670997760492
20250707000000,76.27210421650607,0.0158655982298007,157.79228354741807,125.11556551584424
20250708000000,76.68801331037601,0.018867605540492365,132.63414536247268,81.59922255494247
20250709000000,72.94061516938767,0.02183682753408089,160.6925817224487,99.67719388950529
20250710000000,72.56196887963753,0.024567923131166246,97.28504521966245,106.40542935074774
20250711000000,72.8372090609019,0.015984105246598275,150.0675101319432,101.23078201656182
20250712000000,76.97226071189148,0.027463442844797608,156.5564234568617,98.86871947484259
20250713000000,72.89507759589868,0.018644381994787157,168.48540279075658,87.00783636554176
20250714000000,76.44887428448206,0.01989316352825782,129.72208095414925,102.32786742940164
20250715000000,85.37700399322719,0.016263941604260885,151.7137432280672,92.43236022984074
20250716000000,79.35562351715846,0.007878798698635291,131.49150747880824,78.10078295021447
20250717000000,73.3698823391608,0.024420226981805248,155.10767511348635,111.94592220513731
20250718000000,81.00606961081972,0.023684219485462166,132.09307355273953,109.58385819842043
20250719000000,72.95962313489224,0.018593362214408934,141.83798321679558,100.5166097685108
20250720000000,64.80937732411073,0.02033495358612436,130.08369210419542,102.29074688205702
20250721000000,69.95956844541298,0.022579696088520496,163.02272483647315,110.74318012715563
20250722000000,65.64604039487072,0.012187270715567286,167.1690223331333,102.24339656778082
20250723000000,73.24243257979346,0.017354736613268525,145.30758860085172,109.04017554761315
20250724000000,75.09209189594776,0.023971323398109135,150.76475989920056,97.0251779912615
20250725000000,83.38218656137641,0.013728552884153753,121.02817170732912,113.11983738573946
20250726000000,76.63463686882082,0.021467789660833146,144.00646703986425,103.20785725932684
20250727000000,73.90449735595568,0.013217090976882975,148.9959076591651,101.94051943605874
20250728000000,79.14702790591744,0.022332149912167632,202.4158618205995,87.29938911287968
20250729000000,63.944323454960575,0.019821792588512584,127.76065948451672,102.86955854301709
20250730000000,76.17807279054283,0.011924340920472454,179.28354477504874,91.68045082505549
20250731000000,78.85432596943484,0.025823696772285857,169.93717546931617,93.61717273471506
20250801000000,67.6070687711008,0.016327042116009754,155.61272808980272,91.84624371683879
20250802000000,80.71877021603464,0.015948737814928095,185.17240968390266,89.33765068100774
20250803000000,76.69248203747208,0.021002845986154716,157.44210945213726,121.24771403016962
20250804000000,72.923560430496,0.025743186747143577,157.78318391335858,113.31339061988403
20250805000000,78.16390933053142,0.014920890905108015,148.9375869396491,119.2036750214426
20250806000000,86.35346428902199,0.02030839924923986,174.47137764837254,87.77104980444436
20250807000000,75.90933127529247,0.022144082501652864,171.92938467621767,100.71253749910892
20250808000000,76.24110293150169,0.02346552803631572,137.48645425007575,87.06492374795904
20250809000000,72.70319550229878,0.020882207776386125,123.61505610802465,93.04305122802936
20250810000000,70.75077815267603,0.018164860804583387,145.94038725208685,90.81873016583425
20250811000000,79.15167908272123,0.015862048896756402,133.99922871204708,112.39584006441561
20250812000000,70.71958087045566,0.020430719415231873,148.72950850769288,96.0377032189824
20250813000000,75.35783118609696,0.014639304940071965,174.74876269368278,110.68379333694017
20250814000000,72.61171276617442,0.005393247582526964,140.8539668982642,106.04120889588518
20250815000000,77.39489912873196,0.02218279902078834,149.1435323737685,123.03638752104789
20250816000000,76.66831052643474,0.024519674205430976,151.1604546961679,85.20555776860276
20250817000000,80.18769972128949,0.008185337822290807,166.9686176441057,112.59233239786799
20250818000000,72.44991800572626,0.014951346476450312,105.06221332030789,111.46440870400727
20250819000000,73.65062532353315,0.023095771305025988,137.86599410469407,90.26621161972966
20250820000000,70.10618142108846,0.030287477348558495,154.22567384558945,110.0713333647316
20250821000000,72.77853369961944,0.02010396853837704,174.00157912853723,103.36144963026229
20250822000000,76.88650246522425,0.01635998529385433,140.1619510498759,97.72523740046593
20250823000000,78.78494308322676,0.0190855177944758,112.46894587916252,91.76064513028
20250824000000,70.38917337911187,0.026874382095740924,162.39422891932273,92.80890548550813
20250825000000,79.3480296005283,0.016770179104377322,137.2927522234874,120.49812095785926
20250826000000,81.77818929402476,0.01600403996674873,126.20666681819277,100.00682818957483
20250827000000,77.0671745161185,0.01758628238908984,137.51309220573552,107.82130001531459
20250828000000,84.38397906279033,0.015233356958706439,146.30949284688302,92.09100618332447
20250829000000,71.13105400448214,0.020613351579973977,137.90510670923575,92.2014705377836
20250830000000,68.77672648344291,0.028123392292347803,105.88867885801862,110.81984809249943
20250831000000,66.10639875547861,0.021615396365580145,167.94132393774265,86.50423788448468
20250901000000,82.48022155744592,0.018738232489368564,175.49750082557443,95.84786232094729
20250902000000,78.27182828177028,0.01854094365542228,163.03043982679011,100.34027411072232
20250903000000,74.72207664544773,0.012184045956516716,127.24628659150366,101.11372601840053
20250904000000,76.3998431315991,0.024415548885735796,145.97016932104964,98.20906714983843
20250905000000,69.37255476350812,0.01961081401493599,149.86957369541085,103.95819781095923
20250906000000,87.22875989808414,0.019097600432046873,161.9758877912382,106.92855755817811
20250907000000,75.64610590987614,0.03596553783922431,163.36680977436163,107.3463754545933
20250908000000,75.54697397302446,0.02149376454182843,135.3165240244301,90.14196191332174
20250909000000,78.62883311949346,0.016241044749524078,151.6399111282712,97.15844902071203
20250910000000,77.40504615868356,0.017868212018972283,159.14560809230483,111.94762861876937
20250911000000,76.11942012139566,0.025742228545983774,179.11644644293534,108.94647187573872
20250912000000,71.04762772277344,0.02056635205268882,164.09013079649446,86.27140548518936
20250913000000,77.35734178567998,0.012808610108413167,165.78113374751038,103.51479900352201
20250914000000,84.41012248237517,0.02459614467287602,151.6765325585872,80.2177475062519
20250915000000,81.7271002307749,0.01665927957230503,178.20918290407008,100.4693490206037
20250916000000,82.96593313319698,0.029366488881087727,158.19525591918995,118.97767016745976
20250917000000,72.44392161784407,0.025400240328573243,132.7782417965286,90.52107282731014
20250918000000,70.0519758987071,0.017763390521706245,178.0673994025038,91.65676954508417
20250919000000,74.37106539950176,0.026405081808675564,163.95806545078057,107.6402978157286
20250920000000,75.27862456144348,0.020339277552637015,141.13911957743036,84.57198484790354
20250921000000,80.47095759235474,0.0242638683756111,140.41014065201514,93.6724497011496
20250922000000,66.5376768514259,0.022423664086472374,155.93151090281523,105.96441137581752
20250923000000,82.64775159730307,0.015768216725045633,159.26369590535168,93.65714152310596
20250924000000,74.20996050710505,0.016782250838412692,153.94584531262413,97.64030012789028
20250925000000,72.8655946502629,0.025149804087905805,156.2261734688577,107.44185710315034
20250926000000,69.93947812369916,0.018326123339467298,183.99914749152762,104.21546083536562
20250927000000,66.72571664067115,0.017981757683790015,171.4308630446977,102.66818396295402
20250928000000,79.11585291980957,0.015224387103253235,153.81271182530048,96.60877720729961
20250929000000,75.36658983594202,0.022117995327967304,168.82621161534968,103.70061115268956
20250930000000,68.55019550129472,0.030312624596215726,129.3495219294492,98.76267319900244
20251001000000,68.52460613968192,0.014662335428728636,157.95854099893617,104.57805609925785
20251002000000,73.32107650354936,0.020121097283363792,186.1861269946622,95.03067974882022
20251003000000,83.34510762644696,0.027061102777077146,145.63908209215253,98.17431025620459
20251004000000,73.70204324318198,0.019601793043771423,133.0473214276183,90.10042207447987
20251005000000,67.48428523440947,0.02226185898124867,136.9582222281388,99.64992389993765
20251006000000,73.77128467957029,0.014688032359265602,128.20733925315224,91.88999136371156
20251007000000,73.63638215126164,0.022141535486038245,134.30476183744594,88.85953549838007
20251008000000,61.515566785292144,0.019064278674977255,142.5898380281994,102.58661147855388
20251009000000,74.72852566741093,0.024928649978399317,121.88865961642716,102.1273977585766
20251010000000,73.84532734895662,0.025936930257823756,150.31236667899205,107.82873734948572
20251011000000,78.48103182406709,0.032947818210093065,168.04554347573296,95.68874430424901
20251012000000,84.24478047472672,0.02289816586606788,131.8448763970616,104.08052846836756
20251013000000,80.63282514773879,0.021628981582910833,180.38567847283537,105.50797572273663
20251014000000,73.65555654722584,0.02097192150788668,160.2158417705519,104.44773807831595
20251015000000,69.46737045629165,0.01823416853594656,170.61161171248114,91.74346317197858
20251016000000,87.8667990162493,0.021692419217308457,136.84330892295725,101.49363482271188
20251017000000,75.29609217007244,0.018522992949304852,167.0905045413323,103.64140296054661
20251018000000,75.06964645956474,0.020842304881348073,128.16132199209375,100.07178466907942
20251019000000,74.87937456444999,0.0265879876780398,167.80495001673017,79.13522341628915
20251020000000,75.99042380383928,0.014967287173601795,153.43678679587063,101.6048962397348
20251021000000,74.27819794038028,0.02569939280564523,161.0650243996957,122.12531039397243
20251022000000,72.13168996559882,0.02658557533669933,126.48810788750296,96.39960731243018
20251023000000,72.26570529379804,0.019409657365044606,132.0986031544679,92.7192290214468
20251024000000,74.83623364892001,0.009390725504957027,161.9445643650677,103.73348559711398
20251025000000,72.28287614433117,0.016960890064527837,131.03303991551599,103.12378210466572
20251026000000,71.43577108661418,0.026484972732805548,159.26412584198246,111.92735165416414
20251027000000,75.53215113845948,0.01988565968850559,122.65724387079509,87.42131844091112
20251028000000,73.72511391289572,0.015003488838525446,166.96348425333338,107.31380252574992
20251029000000,82.51996494291345,0.017476125393858913,125.34953370462982,105.90422061251464
20251030000000,61.74515095803494,0.024203100132522765,161.04599875359048,98.57853463059455
20251031000000,80.4575342596123,0.0227336678410069,162.51261867292,103.38687317921689
20251101000000,81.23042596248814,0.018805339504151527,136.0645636314085,110.29457481598357
20251102000000,64.63304883795925,0.018165877940926563,161.64053134169453,108.7231538002845
20251103000000,73.28656202959826,0.01804120925478089,155.20884526667112,88.56980687926271
20251104000000,73.14279567002104,0.015387949077507488,139.22316287614524,108.20158186755485
20251105000000,67.9624415264109,0.02807687844734721,129.82890631847584,99.35311394967482
20251106000000,71.11091656204562,0.0183883976539433,110.74748616654841,100.72874098015515
20251107000000,69.44712077267086,0.026085792604127484,156.99300094599388,100.73196991001694
20251108000000,83.76135221711812,0.027606580259612257,118.7039445727589,98.4975701120174
20251109000000,79.6783919657373,0.024991554490739802,151.90688398882617,111.91707497107065
20251110000000,81.3577754749708,0.017841898436409757,144.73103567835503,99.16282040150789
20251111000000,78.60836032021618,0.02201865045168305,163.5828555087639,88.80453871616831
20251112000000,69.35474114391386,0.01987902196804542,143.95909001020271,96.06470144030271
20251113000000,72.37739866860113,0.015481490696349359,143.41104427305817,101.78694716810476
20251114000000,77.4468728061396,0.021621796408608014,164.6374140857659,112.29214784297051
20251115000000,68.88936095554027,0.014104801044200988,156.70116058168236,106.03094684948833
20251116000000,78.56499215086194,0.025938396942307818,156.32311914365556,91.49464721252956
20251117000000,73.79837300920933,0.017676913513508034,159.3853517961705,124.85189916678891
20251118000000,73.12589596225202,0.021005798279364198,119.28855753585789,102.6477531097798
20251119000000,78.55479984101746,0.021416439357730712,165.13577359973965,112.75390737999015
20251120000000,77.2213165574302,0.018705475131479615,162.24937588027205,98.48285566422771
20251121000000,73.1951691709046,0.022933469007376375,129.66633742847006,105.3335924470545
20251122000000,80.79664901682123,0.017625481716887378,145.11839052651598,108.39468504518405
20251123000000,69.59468336200051,0.024356486487286222,149.2138542474474,112.18194711754256
20251124000000,78.07967803472133,0.013270101598766258,147.31006431196533,110.57368305378225
20251125000000,77.96550628984191,0.02063189789773206,156.6771993313707,108.72197000072978
20251126000000,73.45226780343005,0.029694644995291425,178.62733563662368,96.84913268805892
20251127000000,76.63066511121059,0.014998343376972126,171.63533455345657,94.28253958043939
20251128000000,68.74443211807349,0.016611275147375742,123.75561613137188,103.32607510324198
20251129000000,79.6201350960345,0.022569539248294575,162.44139980612098,109.3312807234107
20251130000000,74.07548931778506,0.02089790890969799,176.57866639070818,97.77279299223393
20251201000000,72.3863848974048,0.021753150496367796,157.73617041378407,110.65171965714387
20251202000000,80.24504612918444,0.022445935650738318,171.81960850371934,114.52616745486179
20251203000000,71.4782815472862,0.02317360734280885,190.24540891401531,90.8367908092658
20251204000000,67.9576935181822,0.025548499209781115,170.47419092213963,91.6307929620372
20251205000000,67.21685413238048,0.022049093284642562,154.98617191283458,98.59624941094664
20251206000000,78.0300497567282,0.01879371172690729,170.90176948169506,103.07612668189196
20251207000000,68.59785323751858,0.023362868506013656,152.89775666193782,94.75432986232948
20251208000000,83.77397090992183,0.029499409674476076,150.47806086569912,113.52202678867144
20251209000000,64.59035296058138,0.01933683126808713,142.97171528572534,104.24066861518452
20251210000000,83.48228184145019,0.015127353476646793,181.26826717664215,100.3944704824074
20251211000000,76.05508733601309,0.025535403346434865,133.63142668115998,85.64090476131473
20251212000000,74.51643444064804,0.019398094180232008,180.64735449356232,86.84184183572494
20251213000000,72.27540456595526,0.00913665226992982,159.99728247480743,102.81009250281807
20251214000000,76.99568057176036,0.024237108385752108,122.01387650396117,78.67404373845164
20251215000000,74.81182648787576,0.017323359070230387,157.35298585982844,110.12637409644071
20251216000000,80.5165094100826,0.019547333588479196,107.99946984696751,98.4184615562768
20251217000000,75.5711382433102,0.021659901652845075,162.51016033662071,132.43092969594733
20251218000000,75.75150880730939,0.020952498398895333,167.7046296597798,123.0791625061611
20251219000000,73.18193893893073,0.0235472590856952,138.15288088695894,98.18550930752484
20251220000000,74.71527188139466,0.017822568147150785,152.47095391911165,98.93662997468685
20251221000000,76.5390088444603,0.022565528990880414,189.08314867500573,109.95581514002029
20251222000000,66.44915803671687,0.018702266612080413,139.88506591476127,117.03172609918037
20251223000000,68.25907288947144,0.023694052404437515,128.821848258868,83.61970942563983
20251224000000,78.71632047011357,0.023076837420065267,179.63326804925197,82.13624534645314
20251225000000,75.85432719063971,0.015322806489777024,189.2517438106159,93.77965194445619
20251226000000,74.0800833182366,0.02542991058087516,150.07391343695696,105.82737583173865
20251227000000,75.09216966532696,0.01732018277442976,170.22926070816712,104.96873590507597
20251228000000,76.73790852680835,0.024040288991405725,176.82951831061763,110.69771454983851
20251229000000,72.30120159845319,0.021836436567006703,135.15031534923233,88.00302471634691
20251230000000,71.10847637298843,0.02919091838397561,140.29388329264265,76.83856137031124
20251231000000,75.9792262754884,0.01888267008814074,174.6174902630947,108.58014195302145
20260101000000,70.10813611192484,0.018253416019409014,183.70028557417018,91.71803727034765
20260102000000,77.04126377857236,0.019902901970561337,161.2576172034871,79.81512135611362
20260103000000,66.48708197881079,0.018484101085828625,132.4037129299589,101.45063745959382
20260104000000,80.14577818662822,0.02399970950971025,189.74122223398882,107.93175688218678
20260105000000,77.36298741206521,0.011918446957817061,139.3805820437607,98.77942867878723
20260106000000,76.28014867156938,0.014731587904268229,143.29724437657097,95.42151613817511
20260107000000,79.91345491972757,0.014660985392104035,156.84675668979244,98.40637767854093
20260108000000,83.32737222231289,0.02475153795986788,181.08320841429548,96.29417237599218
20260109000000,80.07185032509065,0.028553066862909628,167.07951953104447,86.51952888059833
20260110000000,65.79562884334177,0.019477753907312642,158.29731000723822,92.85319323009568
20260111000000,68.6021151663215,0.019155891384049946,159.26577060236212,105.21279905013814
20260112000000,71.8759071115216,0.02035026081556591,150.87029337286933,103.216785413765
20260113000000,75.13045525105417,0.02580939151304095,161.16279029037014,101.6805980596682
20260114000000,77.58829510234561,0.01536323432904713,99.40879844611393,90.0485151814662
20260115000000,71.37128093423267,0.021191844913673926,144.06785081860403,98.18496837864333
20260116000000,75.9338338223854,0.024875988148912148,154.8264386983356,78.22934953557146
20260117000000,71.22308533823339,0.022505470849699224,126.97971832760986,101.7847666388539
20260118000000,71.94241098504025,0.020947908082993717,157.7264663562312,114.28857707813567
20260119000000,67.96669451575889,0.025005230462835707,145.91057558027757,85.25867867957895
20260120000000,70.38383376944547,0.006483838535003814,185.1095139663098,94.14072326682245
20260121000000,68.24157697191833,0.02338937659765454,181.46039450429714,103.2910677871013
20260122000000,70.12063373511333,0.01672962158436288,140.68388861763674,112.52842634427483
20260123000000,80.2682089830392,0.010846835515717716,146.98324576866608,95.51775383699851
20260124000000,70.25300555584029,0.022556012997624903,148.52104868783215,93.07749670734104
20260125000000,88.16191032418695,0.02686829272581479,140.96681047680755,80.31076857583916
20260126000000,77.46658950440445,0.019312757426861542,153.90049968056255,101.03438129308107
20260127000000,75.92418061847437,0.024764372736014693,134.8343586222482,120.42076040143743
20260128000000,70.70821109909393,0.028061391289943227,127.38769330124947,102.77358461964675
20260129000000,78.50154939704495,0.026574572267920236,162.45422447800536,99.77721020816287
20260130000000,72.12181086881112,0.028199822646856967,162.59059168443622,103.22082310766986
20260131000000,75.6100490732268,0.02371063745535946,133.91368480680015,99.88907996051398
20260201000000,87.80042269134397,0.020377168194507963,167.90710861525199,91.8698562773987
20260202000000,74.51970050137675,0.011990170940514158,137.36844541669336,108.23279915677705
20260203000000,80.74636663142837,0.018769687559350257,155.06330476075962,102.25761523111754
20260204000000,71.48411787437057,0.01578376702341904,166.40688025224912,100.17613251933658
20260205000000,74.82505754751519,0.03085471358748907,149.32774870592573,90.2463397272175
20260206000000,83.85400317817755,0.019120570937838317,159.0948182428227,113.03507931934759
20260207000000,71.86516471106117,0.020616024033922428,139.67140712224855,106.6470274533311
20260208000000,84.06224278998464,0.02275742688020234,146.07066833143804,94.47079162632699
20260209000000,78.53875967727738,0.02021801223186227,145.8828113823932,110.01824853681937
20260210000000,72.18766612052866,0.028475255202153767,135.0684330691952,95.02429161614793
20260211000000,78.1620386952776,0.01688675319132774,146.46451673768436,92.17996507488964
20260212000000,79.86277224813365,0.020973037276186213,119.02763402272507,92.40296882519714
20260213000000,78.10904981108598,0.01628764707150976,140.17692505715792,82.28931446911909
20260214000000,67.14887640054772,0.013399887443896471,144.30249013260658,104.71542380418205
20260215000000,71.36431412087566,0.016941154545473572,144.8764049500924,81.6885512166165
20260216000000,73.76240682224248,0.01981481601475794,145.17005108258442,87.71556168734237
20260217000000,74.62783285449977,0.0178534888774137,148.76471600279743,79.24411990921467
20260218000000,78.10336048775339,0.01653789510063072,159.58883036172128,99.13930307209107
20260219000000,75.88850500466627,0.012968412681640831,167.49034148265045,98.49679539728128
20260220000000,68.32327820644949,0.019584472136856528,137.00469546303466,96.73303786813636
20260221000000,76.90098925502981,0.012476398129844989,125.93598289221711,89.57422305329423
20260222000000,78.05292872641911,0.023800279818448015,129.15911175513793,88.2776624656336
20260223000000,77.7989522396552,0.020412198764672516,140.25594157610146,104.64369863546574
20260224000000,80.4039036277731,0.012712242502675348,142.96157364366982,94.49448068291512
20260225000000,79.16961077274452,0.018453954614750682,134.60007867605086,103.16358321536144
20260226000000,77.29590039614219,0.016239217972047085,124.07766671500211,91.14751313875777
20260227000000,74.64917144270676,0.021595872552095902,140.87758345051623,101.81062742771083
20260228000000,66.69519533242004,0.026702252230115724,153.62853240227943,113.03278037316063
20260301000000,77.14809109566293,0.010624137651771278,161.9005893167113,105.86165800392783
20260302000000,76.03843843581555,0.020575130395737086,138.85153893783357,95.8758618178352
20260303000000,76.35789418597686,0.019199336022166797,141.74004355713132,102.57198970355927
20260304000000,68.61625712089845,0.023356700382252328,131.46603382305378,97.59334825469787
20260305000000,69.59471729795868,0.021065983141188446,149.37121659250448,100.07880184694729
20260306000000,80.26576426666452,0.016240153341305904,133.0314273161837,96.74388947851496
20260307000000,74.80222423071673,0.01840473032166691,161.462556264824,98.35664794114608
20260308000000,78.40750348686312,0.016019870715982557,114.28267016131778,102.12093353074175
20260309000000,75.1415918806523,0.02538003569299299,142.80740655095076,90.06641300418049
20260310000000,75.14878069747871,0.02010655824335971,156.02214678383484,89.84121173010021
20260311000000,79.69141902988,0.02950595342876504,153.67669032645009,86.1145744616879
20260312000000,72.41977635891313,0.019696695930926898,203.86067327960993,83.9972889549629
20260313000000,75.48060388470492,0.016457966165447688,156.99600049135816,87.82717307779521
20260314000000,72.68862355647478,0.012431428036935865,129.9189080631598,101.5946250680413
20260315000000,72.82751886283842,0.010984301618720275,148.09071505821854,91.07212484508116
20260316000000,73.4541393826568,0.012079320284972552,114.47507333067097,105.13614464231097
20260317000000,76.11066885816857,0.021335633255057416,148.3880050140648,100.34713748752561
20260318000000,72.60625689168262,0.02254362511614967,133.33887885998482,80.31495786561946
20260319000000,81.2787806278676,0.012094046489839333,168.30780551120324,106.5497558422169
20260320000000,70.52696348890248,0.024475191570380576,139.0091945080893,108.1079864559171
20260321000000,74.0656417791932,0.017584694741582804,147.66468168409506,90.06137325165146
20260322000000,72.80134470862913,0.020733965059927747,137.28884317191194,104.20191542894992
20260323000000,82.23488942176867,0.028061103141277122,184.77702703706663,91.43501762590802
20260324000000,75.98277388255788,0.02448419657932766,143.57514467764176,100.97670376748336
20260325000000,80.15922269734317,0.018657346760470837,186.65114086958403,87.35501593045035
20260326000000,67.57219813481514,0.015544038872923563,166.28303524236534,82.06893547465424
20260327000000,76.33525132934629,0.009240922993353476,159.64133454670772,96.17182810387031
20260328000000,79.44815397811719,0.0164042334037879,157.37466294635038,98.76271053725164
20260329000000,75.41141994637712,0.01894434880586153,157.87594596432504,96.02320306385396
20260330000000,80.32740187532676,0.015064102364244082,111.4465484130878,88.1596944177744
20260331000000,72.41355774949814,0.019343715164538478,144.42233211698488,96.00100937868864
20260401000000,82.0467372009279,0.02038425941479384,166.90315942368642,102.69294752580734
20260402000000,86.49449061809625,0.018875720090959607,149.0220563305179,99.55106969877463
20260403000000,73.18580719780171,0.016749987095882702,121.8962030639285,101.82501030599214
20260404000000,72.77248739299614,0.020843273359833638,148.9519109884506,93.29884799545766
20260405000000,82.2669223855885,0.022209703247847046,184.08211032510982,111.7171791471616
20260406000000,82.89786072865355,0.01454800461278577,174.9378343106944,88.23826663445219
20260407000000,72.38569986423366,0.02705466189873135,148.75991981267936,104.87560297086719
20260408000000,72.89906591452072,0.019507059338578693,169.02898554116175,111.81891092959961
20260409000000,73.59107695569746,0.02009424811472424,142.66985959263897,104.80908092748895
20260410000000,68.27774744482862,0.02354107211628279,115.92256826346562,97.9747577293517
20260411000000,70.40674026757901,0.021166080656317508,131.5106802374089,94.71702953337021
20260412000000,69.97929616623966,0.024765683169566226,181.25777537016396,110.36087651046256
20260413000000,71.16101217447935,0.02143562082600912,144.5201383634139,85.77025074738327
20260414000000,74.8265755630661,0.01693781312679781,145.13232041249964,90.29875739620357
20260415000000,76.1710736626826,0.021807517626030507,144.00323607450238,96.02442234508278
20260416000000,82.75250246407039,0.014281368963396691,188.08273179146013,112.37653757511998
20260417000000,70.00822979630604,0.020542798528882616,182.51917830724128,103.79767636040896
20260418000000,79.92161199238292,0.019833850046777696,194.37560466896267,90.31954241489754
20260419000000,73.93005577887246,0.018959415713637302,146.81909579199896,96.89692294615097
20260420000000,74.75268145173783,0.019357312442805346,155.9124897749419,93.85676855903705
20260421000000,78.37409746083301,0.010590754772511805,119.66714901158417,92.90211007766464
20260422000000,69.3863898921885,0.017256375461295194,179.53868852236548,109.78889558556779
20260423000000,76.91204873092025,0.020464224505705574,126.6444089746413,86.28256870736494
20260424000000,75.83226104106528,0.020799281959987002,154.33551127525257,116.08780855734373
20260425000000,77.46225632004074,0.01486162429537021,128.05394944734311,108.28229690184622
20260426000000,76.44584321953909,0.026328539204323504,138.22266346522608,110.90861670603698
20260427000000,87.27650069955448,0.015669125758927496,133.254751379006,95.37060487974742
20260428000000,71.81130007874341,0.024847286002633685,137.84249478648366,98.50059280920891
20260429000000,72.34501522499092,0.022135971809358425,139.21754593702042,85.66848185475288
20260430000000,71.88429736787617,0.016768863450780987,139.03462410149845,94.75337592933197
20260501000000,72.22261440419872,0.028876554463047557,166.66667823560616,104.93654847643151
20260502000000,71.81306436346742,0.0140318158412176,127.9027441387496,112.96063061781396
20260503000000,80.94508265553776,0.02459577086805001,154.41082854027735,88.92843183197549
20260504000000,82.10252123994927,0.025002911590214894,174.35918304611116,96.34494063014733
20260505000000,72.14626853125262,0.016646898954616775,139.73607270973207,98.48700779767478
20260506000000,70.83822213447885,0.026962326500321643,135.64162218504796,86.04210797807515
20260507000000,77.35707778193202,0.018749767427005237,145.38950749639497,105.91349241758401
20260508000000,72.23888477859514,0.021443468146399285,173.5945041672142,92.7600966825739
20260509000000,78.16465908877755,0.021301609193856104,153.88215261906714,98.04609648822976
20260510000000,76.01461510425649,0.01932845629264726,139.37571410784804,95.48050628088123
20260511000000,67.42127942501384,0.02405404136579891,159.6775330237608,92.10661494280326
20260512000000,82.73752600665031,0.023967443602761065,127.95415700327153,99.92955014519445
20260513000000,83.9793883654776,0.011257340133809097,163.62719020885896,97.84390421431978
20260514000000,71.93605654757808,0.026521701214390764,158.17214615403535,96.28142117721335
20260515000000,73.06149220032007,0.011687540059821628,143.84383057722232,92.71538378319657
20260516000000,76.42932695362452,0.02516273102170829,133.22828403105538,103.19524670782955
20260517000000,76.67228394993512,0.025633525684137917,132.26638155433085,116.53617268492285
20260518000000,78.29272136336415,0.014545167848924009,160.6963467269182,101.39887232839128
20260519000000,85.05102269383175,0.017945928560227076,174.57961004978125,109.9611821491113
20260520000000,74.11526386252976,0.014471476657570322,137.2538450594241,86.09778074846537
20260521000000,71.00851377730773,0.018925394848556324,159.16773407102968,101.57761439293769
20260522000000,68.10340385992737,0.018459828579071295,108.25945962795862,89.02631681028933
20260523000000,71.3453498002904,0.0238983026613467,138.307645386856,85.23075072468099
20260524000000,74.83436513563102,0.026551543730598044,149.37882134258197,92.60628592540964
20260525000000,83.97278931758893,0.026978419053949782,131.80633166036333,111.91899334413573
20260526000000,72.41194350481915,0.017189159867108488,131.26987250420808,109.50015828669646
20260527000000,76.11893975819449,0.01895389063127736,136.64440887062227,102.430047220544
20260528000000,74.91788551963624,0.01158280903889525,155.84385456652745,84.6729944011007
20260529000000,80.94196636724043,0.015970649667519057,146.2534196318725,98.03719348612063
20260530000000,87.63466212936811,0.02482425816548729,105.23537533350056,103.01700008901736
20260531000000,72.3456561353984,0.02807791411774116,107.58599694729868,101.75536229578599
20260601000000,72.5528027874089,0.01382825564060039,137.8626964428565,81.56206416519254
20260602000000,80.22080438534536,0.017037678704235528,159.15373172107104,91.09682151980128
20260603000000,78.40945744813156,0.019867971215205366,95.0499031454953,99.35922235851284
20260604000000,84.23353662868017,0.021400805794098032,140.00539647696738,105.3629090951719
20260605000000,77.91964092662982,0.01595198240039177,139.4750428696516,78.03872178900053
20260606000000,73.2035395460647,0.02212030522232045,177.76675556416896,98.37876024520142
20260607000000,77.95327415346155,0.01763080326464542,142.29956376574273,101.43048769878952
20260608000000,80.54351790291454,0.019927738645608605,157.65977969481858,108.49611988516213
20260609000000,79.10241090598682,0.0227314212400185,152.82514280174925,106.92857584237437
20260610000000,77.53637015553649,0.02003211134905469,107.38867040385598,105.82571318808805
20260611000000,80.33337344794577,0.017818070547367157,165.36414433263474,92.00059493298066
20260612000000,80.84647795222837,0.019451950980370846,154.30793010912575,80.91997862876693
20260613000000,81.91079495518764,0.019558185203973323,160.1653727934918,96.069472429386
20260614000000,78.24354943794822,0.01814994485058936,228.52475412872653,110.0163182520856
20260615000000,74.16440959841573,0.01870601968666449,108.31774121002823,113.93454527524432
20260616000000,75.73356843216662,0.027993235852523585,184.49393299522217,107.10549102297786
20260617000000,81.03254483254179,0.022804597239706195,144.2510496119929,104.29340822801734
20260618000000,70.91532164506381,0.018522598409854197,155.74657808806018,103.79639648385965
20260619000000,76.8433665443645,0.02348477202255368,149.08975509397516,94.43881253239219
20260620000000,73.0333059383632,0.01833090255121995,141.51527333203913,98.6993970644638
20260621000000,75.14372411467409,0.025865623187933208,138.60334143522482,116.69069525826332
20260622000000,81.39225931303649,0.02184821096099047,156.59017471146018,90.57441994208124
20260623000000,75.95549534009952,0.019463489279978857,119.65652606656641,116.14778790709852
20260624000000,75.23218274078074,0.022238584629051386,165.0115833504353,96.77971845507942
20260625000000,68.2007192951004,0.012145619239657504,141.67611190229493,113.25432109095078
20260626000000,78.7312678301361,0.014366162655450973,127.39861321919284,85.93184990502462
20260627000000,78.22742090570537,0.014030374968004723,140.9997428400837,105.8590420116465
20260628000000,85.8162736165273,0.020714715473818535,175.14298433725145,92.63229864052379
20260629000000,73.461108825235,0.02866257499742546,139.29329825967554,85.84732808075813
20260630000000,76.0957516383197,0.03115650073096316,157.1690723641924,102.18534042410946
20260701000000,76.24691841855378,0.023190255507203786,135.38087448569053,110.09471788595968
20260702000000,82.88726639881737,0.022504222374722285,165.15843699847238,91.55058561406504
20260703000000,74.52352233806523,0.010994711329236306,163.71015477580409,85.00984039541599
20260704000000,76.39510762885169,0.01728663100132989,186.97217666592823,99.08155235665045
20260705000000,78.0394825485827,0.016061081240458807,146.4887210900157,99.12564671222819
20260706000000,75.9330456157818,0.01689576200874442,163.37309609515813,105.48319627554498
20260707000000,72.76783192724736,0.019159280907076054,151.96135079077888,109.49594571364489
20260708000000,75.97044996449154,0.017639547111514366,175.9174356372603,99.40584818727505
20260709000000,80.36815874929886,0.010103500948121062,135.62335224782538,118.55503314794262
20260710000000,69.8674235029447,0.02373955128058767,164.90010625754562,102.24234744535292
20260711000000,75.66484837073438,0.014636284871300968,146.10605407766636,96.535734939931
20260712000000,71.49939592530413,0.021196234320555746,148.71623645783004,83.88432640897172
20260713000000,80.97523314462421,0.030370413348749868,151.83504968896744,97.37340479683833
20260714000000,67.38406547608113,0.015403077042067883,155.04480792853354,96.63613054588863
20260715000000,72.20539076364206,0.007348562386268352,147.67541913756085,109.6030479628147
20260716000000,76.8860593753226,0.018569978890599446,154.29426366341053,104.62483624066854
20260717000000,82.8276201461717,0.025504798174992856,181.5623611512437,88.20630878367383
20260718000000,74.67124869463507,0.02979173727110297,169.70899371230436,101.72254386411038
20260719000000,72.22400236653401,0.013852252027737917,167.38309184993793,106.71531171729053
20260720000000,84.40578534720295,0.022483496116182607,140.88920947952258,115.28031359387833
20260721000000,67.75993049791877,0.017673447716099733,132.21518343543352,108.8750396741406
20260722000000,64.00597021689958,0.019470258228479323,169.10601116475507,107.60846654311477
20260723000000,77.20007225026666,0.03322171673508517,167.5209358505959,100.60085994615163
20260724000000,72.48972887823695,0.012485148358024235,179.45341351501963,103.8831200542345
20260725000000,69.89383591434644,0.02126869830747287,137.9203874806154,112.49504900706158
20260726000000,78.54178223649677,0.022338465858827167,145.40902689279307,86.6722260252035
20260727000000,76.219003568856,0.025428931624696737,117.21031674949131,96.50560672783044
20260728000000,72.17960684631636,0.020489915767354476,142.15057787878254,92.27431251243759
20260729000000,68.59847800664552,0.021540252697520513,169.93141021158894,103.79153118726124
20260730000000,79.36228664140073,0.018041757162891046,140.67009241543605,112.30222175650788
20260731000000,78.2510058897933,0.02134563470622554,162.80959590401648,94.03025713278926
20260801000000,74.50412068110309,0.018284038622512946,146.18993788004377,76.09695632530563
20260802000000,84.23318498023833,0.023107859449280253,156.4811405644312,95.8777925497553
20260803000000,69.64957616836924,0.01815194831978183,127.04617220368665,109.13473732017407
20260804000000,67.37237414537631,0.02188550196951093,151.704188992678,105.3762990294988
20260805000000,71.54045965059377,0.019853685931575108,90.17728058198554,104.28186247810577
20260806000000,74.77206991822251,0.025630251253860842,146.26207683676031,97.2000669812552
20260807000000,76.21669724661346,0.01974303138205757,117.3905351256972,87.20969263780214
20260808000000,73.79381971071835,0.011134837658965594,174.11989033093633,105.15294321624468
20260809000000,76.76027698257148,0.02630960750356996,165.54814705529023,91.65718189965375
20260810000000,68.74230287904778,0.015471338495686906,159.33341963932162,121.84096733380456
20260811000000,82.2188230203663,0.0167311683067559,180.4201245431876,105.70507208354516
20260812000000,74.58924410803715,0.017021693529782538,131.02166958350327,94.1935169744605
20260813000000,80.58647915794064,0.02687219046585409,184.94726395831117,93.88614752611372
20260814000000,76.71362673188852,0.00932162893010652,168.64383128520768,99.07055793386412
20260815000000,77.28376609576893,0.03568874266829997,145.2688942556211,97.60498077978251
20260816000000,77.84883640116102,0.02528028404533026,172.71240294365887,111.16833775529955
20260817000000,77.23854280008658,0.0211161945706458,127.87412975176731,101.86416169744047
20260818000000,78.21361379933772,0.019725529996918567,133.50971676944653,92.68368261091472
20260819000000,81.64576265066216,0.021427770374288287,137.828205535206,118.90440685155782
20260820000000,75.98260584850735,0.022605612141896693,139.4204458387197,100.49308331520223
20260821000000,78.54501878794257,0.023226077929750285,128.86884714479496,107.68839675968897
20260822000000,74.55132152856386,0.02277802233001724,174.4616613419065,93.91773492555241
20260823000000,82.20058607724737,0.020447903406276245,144.82291199260337,103.63115627744523
20260824000000,71.61803848970365,0.01901330789846337,157.0500993671376,103.11109991143195
20260825000000,84.00470216455408,0.019243633581732443,138.5929726717264,81.10350707903847
20260826000000,74.79921024677829,0.019025458598236594,113.58793398902965,120.1527511046064
20260827000000,67.84612448940976,0.025668850484335322,155.40114716782844,112.90644460922547
20260828000000,75.64052207455394,0.02296778361140431,111.75490049160446,96.02804683854012
20260829000000,71.59474171262559,0.005298056826678599,148.62731907829064,88.97730259544144
20260830000000,79.20321774494361,0.023279503882648805,122.6336992233438,103.47561613803552
20260831000000,71.73688010348805,0.020973680973593874,189.74551998461615,100.86697699414397
20260901000000,72.7690828339261,0.019906456217770513,168.22725444349445,103.55668948563229
20260902000000,65.55229634527234,0.01805740773455557,152.1150758254296,101.9157739619409
20260903000000,72.73846840375461,0.025620563599930066,175.27413355309338,105.06240989305925
20260904000000,62.88060336685522,0.02473763231061429,133.0736804506853,114.47305699391806
20260905000000,67.08048588257138,0.016135611660881954,160.86958757340187,105.68103205128646
20260906000000,78.80207328072149,0.022035261435622677,153.99620867437426,89.50344501090059
20260907000000,78.92900079325416,0.01514171632729357,155.2804016266734,113.62562852712452
20260908000000,77.12728780892482,0.01310190917605535,175.44707000213535,116.40614563488288
20260909000000,70.16511928435393,0.016866413877050176,164.64984205559605,131.52056734512084
20260910000000,74.7614432192901,0.024311967361913794,155.77447325650047,88.76505966760402
20260911000000,74.98198730454716,0.024765625226880434,116.90225127543408,102.42882013150275
20260912000000,69.2081765540373,0.022565427100486465,130.7990740944107,79.17901296811013
20260913000000,82.51699150883576,0.023625478934239986,147.5458213280855,105.53149156379209
20260914000000,79.38681145287836,0.022580891435574794,151.86744748553303,94.51799701833227
20260915000000,73.89517913085169,0.01679259202388524,127.39592550652152,119.23445794824953
20260916000000,75.13442919497265,0.022159612723369703,198.23353351156842,92.25385029981418
20260917000000,76.04191403973776,0.024002047626138414,180.32788110507147,83.10816962032739
20260918000000,64.79132565787855,0.023771456649067872,162.04236640784967,95.2873625929748
20260919000000,73.76411308739702,0.025944566857373216,151.4407372256749,80.24512228782862
20260920000000,71.59007876001101,0.02354151923600532,145.75582060197695,107.5109945450731
20260921000000,69.99189995052542,0.021757241037707913,130.96163079955528,79.3491695374368
20260922000000,73.59449853557022,0.025350751191582137,151.54961037037725,100.28457581183159
20260923000000,83.98843263424762,0.0198673937037547,155.15505080285502,79.22188180143803
20260924000000,78.20421430633505,0.01559062674386141,125.16478849036751,96.79702195463358
20260925000000,72.14410505108602,0.019184665180281182,156.68352834489795,116.43378155804534
20260926000000,77.86291390678079,0.016275486775967754,146.89481902350502,103.60647891435795
